date,ticker,price,decision,rsi,sentiment,reason
2025-12-19,ADA-USDT,0.3767,sell,38.55,neutral,"SELL: score=-22.7"
2025-12-19,BNB-USDT,856.17,sell,43.53,neutral,"SELL: score=-10.0"
2025-12-19,BTC-USDT,88136.94,sell,44.70,neutral,"SELL: score=-12.5"
2025-12-19,DOGE-USDT,0.13222,sell,42.70,neutral,"SELL: score=-21.2"
2025-12-19,DOT-USDT,1.849,sell,32.92,neutral,"SELL: score=-21.7"
2025-12-19,ETH-USDT,2979.5,sell,46.61,neutral,"SELL: score=-34.5"
2025-12-19,LTC-USDT,77.49,hold,38.93,neutral,"HOLD: score=-6.4"
2025-12-19,SOL-USDT,126.27,sell,43.89,neutral,"SELL: score=-29.3"
2025-12-19,XRP-USDT,1.9092,sell,40.95,neutral,"SELL: score=-27.2"
2025-12-20,ADA-USDT,0.373,sell,37.84,neutral,"SELL: score=-21.1"
2025-12-20,BNB-USDT,854.17,hold,43.15,neutral,"HOLD: score=-9.7"
2025-12-20,BTC-USDT,88360.9,sell,45.31,neutral,"SELL: score=-13.9"
2025-12-20,DOGE-USDT,0.13194,sell,42.51,neutral,"SELL: score=-21.0"
2025-12-20,DOT-USDT,1.832,sell,32.36,neutral,"SELL: score=-20.8"
2025-12-20,ETH-USDT,2977.93,sell,46.53,neutral,"SELL: score=-34.4"
2025-12-20,LTC-USDT,77.84,hold,39.68,neutral,"HOLD: score=-8.2"
2025-12-20,SOL-USDT,125.81,sell,43.47,neutral,"SELL: score=-29.2"
2025-12-20,XRP-USDT,1.9335,sell,42.92,neutral,"SELL: score=-30.6"
2025-12-21,ADA-USDT,0.3662,sell,36.50,neutral,"SELL: score=-18.7"
2025-12-21,BNB-USDT,858.64,sell,44.32,neutral,"SELL: score=-10.5"
2025-12-21,BTC-USDT,88658.86,sell,46.16,neutral,"SELL: score=-14.7"
2025-12-21,DOGE-USDT,0.13112,sell,41.91,neutral,"SELL: score=-19.9"
2025-12-21,DOT-USDT,1.802,sell,31.35,neutral,"SELL: score=-16.9"
2025-12-21,ETH-USDT,3002.02,sell,47.85,neutral,"SELL: score=-35.5"
2025-12-21,LTC-USDT,76.79,hold,38.15,neutral,"HOLD: score=-5.2"
2025-12-21,SOL-USDT,126.03,sell,43.75,neutral,"SELL: score=-29.7"
2025-12-21,XRP-USDT,1.9223,sell,42.22,neutral,"SELL: score=-29.1"
2025-12-22,ADA-USDT,0.3711,sell,38.19,neutral,"SELL: score=-20.4"
2025-12-22,BNB-USDT,858.66,sell,44.33,neutral,"SELL: score=-10.9"
2025-12-22,BTC-USDT,88620.79,sell,46.06,neutral,"SELL: score=-15.0"
2025-12-22,DOGE-USDT,0.13258,sell,43.44,neutral,"SELL: score=-22.3"
2025-12-22,DOT-USDT,1.784,hold,30.73,neutral,"HOLD: score=5.6"
2025-12-22,ETH-USDT,3009.49,sell,48.28,neutral,"SELL: score=-16.1"
2025-12-22,LTC-USDT,77.05,hold,38.78,neutral,"HOLD: score=1.4"
2025-12-22,SOL-USDT,125.93,sell,43.64,neutral,"SELL: score=-30.2"
2025-12-22,XRP-USDT,1.9043,sell,41.06,neutral,"SELL: score=-24.9"
2025-12-23,ADA-USDT,0.3628,sell,36.43,neutral,"SELL: score=-17.9"
2025-12-23,BNB-USDT,844.3,hold,41.16,neutral,"HOLD: score=-5.3"
2025-12-23,BTC-USDT,87486,sell,43.11,neutral,"SELL: score=-10.3"
2025-12-23,DOGE-USDT,0.12928,sell,40.81,neutral,"SELL: score=-18.1"
2025-12-23,DOT-USDT,1.765,hold,30.06,neutral,"HOLD: score=8.1"
2025-12-23,ETH-USDT,2965.02,sell,45.88,neutral,"SELL: score=-13.0"
2025-12-23,LTC-USDT,77.01,hold,38.72,neutral,"HOLD: score=12.6"
2025-12-23,SOL-USDT,124.01,sell,41.58,neutral,"SELL: score=-27.0"
2025-12-23,XRP-USDT,1.8734,sell,39.08,neutral,"SELL: score=-21.2"
2025-12-24,ADA-USDT,0.3566,sell,35.12,neutral,"SELL: score=-16.6"
2025-12-24,BNB-USDT,846.58,hold,41.87,neutral,"HOLD: score=-7.3"
2025-12-24,BTC-USDT,87669.45,sell,43.74,neutral,"SELL: score=-11.8"
2025-12-24,DOGE-USDT,0.12856,sell,40.24,neutral,"SELL: score=-17.6"
2025-12-24,DOT-USDT,1.738,hold,29.08,neutral,"HOLD: score=10.0"
2025-12-24,ETH-USDT,2947.47,sell,44.93,neutral,"SELL: score=-12.1"
2025-12-24,LTC-USDT,75.79,hold,36.69,neutral,"HOLD: score=15.5"
2025-12-24,SOL-USDT,122.53,hold,40.01,neutral,"HOLD: score=-5.0"
2025-12-24,XRP-USDT,1.8628,hold,38.39,neutral,"HOLD: score=-0.2"
2025-12-25,ADA-USDT,0.3434,sell,32.45,neutral,"SELL: score=-14.0"
2025-12-25,BNB-USDT,829.64,hold,38.18,neutral,"HOLD: score=-1.5"
2025-12-25,BTC-USDT,87225.27,sell,42.52,neutral,"SELL: score=-10.1"
2025-12-25,DOGE-USDT,0.12365,sell,36.49,neutral,"SELL: score=-11.8"
2025-12-25,DOT-USDT,1.685,hold,27.21,neutral,"HOLD: score=10.7"
2025-12-25,ETH-USDT,2903.95,hold,42.57,neutral,"HOLD: score=-9.0"
2025-12-25,LTC-USDT,75.71,hold,36.55,neutral,"HOLD: score=14.9"
2025-12-25,SOL-USDT,120.06,hold,37.46,neutral,"HOLD: score=-1.8"
2025-12-25,XRP-USDT,1.8326,hold,36.44,neutral,"HOLD: score=1.4"
2025-12-26,ADA-USDT,0.3496,hold,34.95,neutral,"HOLD: score=2.9"
2025-12-26,BNB-USDT,834.72,hold,39.89,neutral,"HOLD: score=-5.1"
2025-12-26,BTC-USDT,87369.56,sell,43.07,neutral,"SELL: score=-11.3"
2025-12-26,DOGE-USDT,0.12211,hold,35.37,neutral,"HOLD: score=8.6"
2025-12-26,DOT-USDT,1.723,hold,30.65,neutral,"HOLD: score=9.7"
2025-12-26,ETH-USDT,2927.99,sell,44.31,neutral,"SELL: score=-11.6"
2025-12-26,LTC-USDT,76.87,hold,40.01,neutral,"HOLD: score=10.1"
2025-12-26,SOL-USDT,122.26,hold,41.06,neutral,"HOLD: score=-7.5"
2025-12-26,XRP-USDT,1.8437,hold,37.69,neutral,"HOLD: score=-0.1"
2025-12-27,ADA-USDT,0.37,sell,42.49,neutral,"SELL: score=-23.6"
2025-12-27,BNB-USDT,845.04,sell,43.32,neutral,"SELL: score=-10.8"
2025-12-27,BTC-USDT,87877.01,sell,45.09,neutral,"SELL: score=-14.5"
2025-12-27,DOGE-USDT,0.12435,hold,38.32,neutral,"HOLD: score=4.0"
2025-12-27,DOT-USDT,1.91,sell,44.56,neutral,"SELL: score=-17.4"
2025-12-27,ETH-USDT,2949.05,sell,45.85,neutral,"SELL: score=-13.8"
2025-12-27,LTC-USDT,80.33,hold,48.94,neutral,"HOLD: score=-2.4"
2025-12-27,SOL-USDT,124.73,sell,44.89,neutral,"SELL: score=-13.2"
2025-12-27,XRP-USDT,1.8735,hold,41.07,neutral,"HOLD: score=-1.5"
2025-12-28,ADA-USDT,0.3688,sell,42.18,neutral,"SELL: score=-22.4"
2025-12-28,BNB-USDT,859.32,sell,47.76,neutral,"SELL: score=-18.2"
2025-12-28,BTC-USDT,87952.71,sell,45.40,neutral,"SELL: score=-15.4"
2025-12-28,DOGE-USDT,0.12393,hold,37.97,neutral,"HOLD: score=3.9"
2025-12-28,DOT-USDT,1.851,sell,41.72,neutral,"SELL: score=-13.9"
2025-12-28,ETH-USDT,2950.91,sell,46.00,neutral,"SELL: score=-14.4"
2025-12-28,LTC-USDT,78.73,hold,45.56,neutral,"HOLD: score=2.4"
2025-12-28,SOL-USDT,125.27,sell,45.72,neutral,"SELL: score=-10.9"
2025-12-28,XRP-USDT,1.8654,hold,40.42,neutral,"HOLD: score=1.1"
2025-12-29,ADA-USDT,0.3532,sell,38.28,neutral,"SELL: score=-17.1"
2025-12-29,BNB-USDT,852.46,sell,45.90,neutral,"SELL: score=-15.5"
2025-12-29,BTC-USDT,87237.13,sell,42.93,neutral,"SELL: score=-12.0"
2025-12-29,DOGE-USDT,0.12288,hold,37.06,neutral,"HOLD: score=5.3"
2025-12-29,DOT-USDT,1.824,sell,40.45,neutral,"SELL: score=-12.6"
2025-12-29,ETH-USDT,2937.9,sell,45.10,neutral,"SELL: score=-13.8"
2025-12-29,LTC-USDT,78.32,hold,44.71,neutral,"HOLD: score=2.9"
2025-12-29,SOL-USDT,123.28,hold,43.14,neutral,"HOLD: score=8.7"
2025-12-29,XRP-USDT,1.8508,hold,39.24,neutral,"HOLD: score=3.7"
2025-12-30,ADA-USDT,0.3514,sell,37.84,neutral,"SELL: score=-16.2"
2025-12-30,BNB-USDT,861.65,hold,48.78,neutral,"HOLD: score=-1.1"
2025-12-30,BTC-USDT,88485.49,hold,48.22,neutral,"HOLD: score=-0.9"
2025-12-30,DOGE-USDT,0.12336,hold,37.80,neutral,"HOLD: score=4.0"
2025-12-30,DOT-USDT,1.811,sell,39.82,neutral,"SELL: score=-12.1"
2025-12-30,ETH-USDT,2973.69,sell,48.09,neutral,"SELL: score=-18.5"
2025-12-30,LTC-USDT,78.89,hold,46.22,neutral,"HOLD: score=-0.6"
2025-12-30,SOL-USDT,125.01,hold,45.99,neutral,"HOLD: score=3.9"
2025-12-30,XRP-USDT,1.8776,hold,42.57,neutral,"HOLD: score=1.4"
2025-12-31,ADA-USDT,0.3335,hold,33.73,neutral,"HOLD: score=-9.7"
2025-12-31,BNB-USDT,864.3,hold,49.61,neutral,"HOLD: score=-3.2"
2025-12-31,BTC-USDT,87648.22,hold,45.19,neutral,"HOLD: score=3.9"
2025-12-31,DOGE-USDT,0.11747,hold,32.74,neutral,"HOLD: score=12.7"
2025-12-31,DOT-USDT,1.789,sell,38.72,neutral,"SELL: score=-10.5"
2025-12-31,ETH-USDT,2971.64,sell,47.93,neutral,"SELL: score=-19.4"
2025-12-31,LTC-USDT,76.85,buy,41.83,neutral,"BUY: score=48.0"
2025-12-31,SOL-USDT,124.65,hold,45.48,neutral,"HOLD: score=4.1"
2025-12-31,XRP-USDT,1.8423,hold,39.50,neutral,"HOLD: score=6.4"
2026-01-01,ADA-USDT,0.3565,sell,42.39,neutral,"SELL: score=-21.8"
2026-01-01,BNB-USDT,864.39,hold,49.64,neutral,"HOLD: score=-3.9"
2026-01-01,BTC-USDT,88839.04,buy,50.00,neutral,"BUY: score=32.4"
2026-01-01,DOGE-USDT,0.12683,sell,45.27,neutral,"SELL: score=-26.2"
2026-01-01,DOT-USDT,1.999,hold,52.26,neutral,"HIGH VOLATILITY: 6.1%"
2026-01-01,ETH-USDT,3004.19,hold,50.74,neutral,"HOLD: score=-5.1"
2026-01-01,LTC-USDT,79.97,hold,49.70,neutral,"HOLD: Already in position"
2026-01-01,SOL-USDT,126.9,hold,49.28,neutral,"HOLD: score=-3.5"
2026-01-01,XRP-USDT,1.8799,hold,44.13,neutral,"HOLD: score=1.1"
2026-01-02,ADA-USDT,0.3949,hold,53.35,neutral,"HIGH VOLATILITY: 6.0%"
2026-01-02,BNB-USDT,881.25,hold,55.03,neutral,"HOLD: score=23.8"
2026-01-02,BTC-USDT,89995.13,hold,54.20,neutral,"HOLD: score=21.3"
2026-01-02,DOGE-USDT,0.14188,sell,58.62,neutral,"SELL: score=-51.6"
2026-01-02,DOT-USDT,2.166,hold,59.85,neutral,"HIGH VOLATILITY: 6.5%"
2026-01-02,ETH-USDT,3125.45,hold,59.53,neutral,"HOLD: score=16.9"
2026-01-02,LTC-USDT,81.93,hold,53.92,neutral,"HOLD: score=20.7"
2026-01-02,SOL-USDT,132.29,hold,57.00,neutral,"HOLD: score=19.2"
2026-01-02,XRP-USDT,2.0069,sell,56.29,neutral,"SELL: score=-21.4"
2026-01-03,ADA-USDT,0.3893,sell,51.80,neutral,"SELL: score=-36.6"
2026-01-03,BNB-USDT,878.63,hold,54.06,neutral,"HOLD: score=25.8"
2026-01-03,BTC-USDT,90628.01,hold,56.36,neutral,"HOLD: score=19.6"
2026-01-03,DOGE-USDT,0.14315,hold,59.51,neutral,"HOLD: score=-9.7"
2026-01-03,DOT-USDT,2.125,hold,57.43,neutral,"HOLD: score=-0.3"
2026-01-03,ETH-USDT,3127.11,hold,59.64,neutral,"HOLD: score=18.6"
2026-01-03,LTC-USDT,82.08,hold,54.23,neutral,"HOLD: score=22.5"
2026-01-03,SOL-USDT,133.37,hold,58.37,neutral,"HOLD: score=18.5"
2026-01-03,XRP-USDT,2.0182,hold,57.18,neutral,"HOLD: score=18.4"
2026-01-04,ADA-USDT,0.4007,hold,54.68,neutral,"HOLD: score=-0.4"
2026-01-04,BNB-USDT,895.43,hold,59.04,neutral,"HOLD: score=18.6"
2026-01-04,BTC-USDT,91529.73,hold,59.30,neutral,"HOLD: score=17.0"
2026-01-04,DOGE-USDT,0.14953,sell,63.76,neutral,"SELL: score=-12.6"
2026-01-04,DOT-USDT,2.142,hold,58.19,neutral,"HOLD: score=0.9"
2026-01-04,ETH-USDT,3144.7,hold,60.81,neutral,"HOLD: score=19.3"
2026-01-04,LTC-USDT,82.26,hold,54.63,neutral,"HOLD: score=24.0"
2026-01-04,SOL-USDT,134.12,hold,59.34,neutral,"HOLD: score=19.4"
2026-01-04,XRP-USDT,2.0909,hold,62.49,neutral,"HOLD: score=13.2"
2026-01-05,ADA-USDT,0.4211,hold,59.36,neutral,"HOLD: score=-4.8"
2026-01-05,BNB-USDT,910.31,hold,62.88,neutral,"HOLD: score=14.7"
2026-01-05,BTC-USDT,93859.71,hold,65.74,neutral,"HOLD: score=10.5"
2026-01-05,DOGE-USDT,0.15171,sell,65.11,neutral,"SELL: score=-10.8"
2026-01-05,DOT-USDT,2.208,hold,61.07,neutral,"HOLD: score=-1.0"
2026-01-05,ETH-USDT,3224.99,hold,65.71,neutral,"HOLD: score=14.4"
2026-01-05,LTC-USDT,83.46,sell,57.33,take_profit,"TAKE PROFIT: +8.6%"
2026-01-05,SOL-USDT,137.9,hold,63.89,neutral,"HOLD: score=14.5"
2026-01-05,XRP-USDT,2.3478,sell,74.52,neutral,"SELL: score=-18.5"
2026-01-06,ADA-USDT,0.4194,hold,58.82,neutral,"HOLD: score=0.0"
2026-01-06,BNB-USDT,917.64,hold,64.64,neutral,"HOLD: score=15.4"
2026-01-06,BTC-USDT,93747.97,hold,65.20,neutral,"HOLD: score=15.2"
2026-01-06,DOGE-USDT,0.15055,hold,63.75,neutral,"HOLD: score=-6.7"
2026-01-06,DOT-USDT,2.235,hold,62.22,neutral,"HOLD: score=-0.3"
2026-01-06,ETH-USDT,3296.84,hold,69.39,neutral,"HOLD: score=11.6"
2026-01-06,LTC-USDT,83.96,hold,58.44,neutral,"HOLD: score=21.7"
2026-01-06,SOL-USDT,141.08,hold,67.22,neutral,"HOLD: score=13.1"
2026-01-06,XRP-USDT,2.3042,hold,70.39,neutral,"HOLD: score=-8.5"
2026-01-07,ADA-USDT,0.4022,hold,53.47,neutral,"HOLD: score=8.1"
2026-01-07,BNB-USDT,900.3,hold,57.68,neutral,"HOLD: score=25.5"
2026-01-07,BTC-USDT,91364.16,hold,54.97,neutral,"HOLD: score=29.4"
2026-01-07,DOGE-USDT,0.14642,hold,59.03,neutral,"HOLD: score=-0.6"
2026-01-07,DOT-USDT,2.145,hold,56.27,neutral,"HOLD: score=7.6"
2026-01-07,ETH-USDT,3168.72,hold,57.52,neutral,"HOLD: score=26.8"
2026-01-07,LTC-USDT,81.71,buy,51.91,neutral,"BUY: score=31.7"
2026-01-07,SOL-USDT,136.39,hold,58.64,neutral,"HOLD: score=24.7"
2026-01-07,XRP-USDT,2.1657,hold,59.19,neutral,"HOLD: score=5.3"
2026-01-08,ADA-USDT,0.3956,hold,51.53,neutral,"HOLD: score=10.0"
2026-01-08,BNB-USDT,892.26,buy,54.74,neutral,"BUY: score=30.2"
2026-01-08,BTC-USDT,91099.99,hold,53.96,neutral,"HOLD: Already in position"
2026-01-08,DOGE-USDT,0.14194,hold,54.33,neutral,"HOLD: score=4.6"
2026-01-08,DOT-USDT,2.111,hold,54.16,neutral,"HOLD: score=10.7"
2026-01-08,ETH-USDT,3106.65,buy,52.81,neutral,"BUY: score=33.8"
2026-01-08,LTC-USDT,81.31,hold,50.82,neutral,"HOLD: Already in position"
2026-01-08,SOL-USDT,138.37,hold,60.91,neutral,"HOLD: score=22.7"
2026-01-08,XRP-USDT,2.1232,hold,56.23,neutral,"HIGH VOLATILITY: 6.2%"
2026-01-09,ADA-USDT,0.3914,hold,50.28,neutral,"HOLD: score=10.7"
2026-01-09,BNB-USDT,896.86,hold,56.12,neutral,"HOLD: score=28.9"
2026-01-09,BTC-USDT,90641.28,hold,52.17,neutral,"HOLD: Already in position"
2026-01-09,DOGE-USDT,0.14071,hold,53.08,neutral,"HOLD: score=25.7"
2026-01-09,DOT-USDT,2.083,buy,52.42,neutral,"BUY: score=33.3"
2026-01-09,ETH-USDT,3088.4,hold,51.47,neutral,"HOLD: Already in position"
2026-01-09,LTC-USDT,81.49,hold,51.31,neutral,"HOLD: Already in position"
2026-01-09,SOL-USDT,135.97,hold,56.84,neutral,"HOLD: score=28.5"
2026-01-09,XRP-USDT,2.0958,hold,54.34,neutral,"HOLD: score=12.3"
2026-01-10,ADA-USDT,0.3886,hold,49.42,neutral,"HOLD: score=11.0"
2026-01-10,BNB-USDT,907.93,hold,59.33,neutral,"HOLD: score=25.3"
2026-01-10,BTC-USDT,90504.7,hold,51.62,neutral,"HOLD: Already in position"
2026-01-10,DOGE-USDT,0.13965,hold,51.97,neutral,"HOLD: score=26.7"
2026-01-10,DOT-USDT,2.093,hold,53.00,neutral,"HOLD: Already in position"
2026-01-10,ETH-USDT,3086.72,hold,51.34,neutral,"HOLD: Already in position"
2026-01-10,LTC-USDT,81.19,hold,50.41,neutral,"HOLD: Already in position"
2026-01-10,SOL-USDT,135.84,hold,56.62,neutral,"HOLD: score=29.4"
2026-01-10,XRP-USDT,2.0907,hold,53.98,neutral,"HOLD: score=13.2"
2026-01-11,ADA-USDT,0.391,hold,50.21,neutral,"HOLD: score=29.2"
2026-01-11,BNB-USDT,904.32,hold,57.84,neutral,"HOLD: score=27.9"
2026-01-11,BTC-USDT,91013.65,hold,53.58,neutral,"HOLD: Already in position"
2026-01-11,DOGE-USDT,0.13801,hold,50.22,neutral,"HOLD: score=28.3"
2026-01-11,DOT-USDT,2.07,hold,51.44,neutral,"HOLD: Already in position"
2026-01-11,ETH-USDT,3123.45,hold,54.05,neutral,"HOLD: Already in position"
2026-01-11,LTC-USDT,78.79,sell,43.73,stop_loss,"STOP LOSS: -3.6%"
2026-01-11,SOL-USDT,139.7,hold,61.41,neutral,"HOLD: score=23.9"
2026-01-11,XRP-USDT,2.0745,hold,52.77,neutral,"HOLD: score=14.9"
2026-01-12,ADA-USDT,0.3862,buy,48.58,neutral,"BUY: score=30.7"
2026-01-12,BNB-USDT,905.78,hold,58.30,neutral,"HOLD: score=28.1"
2026-01-12,BTC-USDT,91296.2,hold,54.68,neutral,"HOLD: Already in position"
2026-01-12,DOGE-USDT,0.13662,hold,48.72,neutral,"HOLD: score=29.8"
2026-01-12,DOT-USDT,2.055,hold,50.40,neutral,"HOLD: Already in position"
2026-01-12,ETH-USDT,3095.75,hold,51.71,neutral,"HOLD: score=16.6"
2026-01-12,LTC-USDT,76.12,buy,37.75,neutral,"BUY: score=36.8"
2026-01-12,SOL-USDT,139.22,hold,60.51,neutral,"HOLD: score=25.9"
2026-01-12,XRP-USDT,2.054,buy,51.21,neutral,"BUY: score=34.6"
2026-01-13,ADA-USDT,0.4218,sell,59.15,take_profit,"TAKE PROFIT: +9.2%"
2026-01-13,BNB-USDT,943.73,hold,67.97,neutral,"HOLD: score=15.7"
2026-01-13,BTC-USDT,95414,hold,66.97,neutral,"HOLD: score=15.0"
2026-01-13,DOGE-USDT,0.14828,hold,59.60,neutral,"HOLD: score=-2.3"
2026-01-13,DOT-USDT,2.282,sell,62.69,take_profit,"TAKE PROFIT: +9.6%"
2026-01-13,ETH-USDT,3325.82,hold,65.17,neutral,"HOLD: score=-2.9"
2026-01-13,LTC-USDT,78.18,sell,44.10,neutral,"SELL: score=-11.7"
2026-01-13,SOL-USDT,145.51,hold,67.25,neutral,"HOLD: score=17.8"
2026-01-13,XRP-USDT,2.1655,hold,58.41,neutral,"HOLD: score=8.3"
2026-01-14,ADA-USDT,0.4143,hold,56.51,neutral,"HOLD: score=2.4"
2026-01-14,BNB-USDT,948.47,hold,68.94,neutral,"HOLD: score=15.9"
2026-01-14,BTC-USDT,96951.78,sell,70.21,take_profit,"TAKE PROFIT: +9.1%"
2026-01-14,DOGE-USDT,0.14718,hold,58.34,neutral,"HOLD: score=-0.1"
2026-01-14,DOT-USDT,2.226,hold,58.82,neutral,"HOLD: score=7.4"
2026-01-14,ETH-USDT,3354.92,hold,66.45,neutral,"HOLD: score=-3.0"
2026-01-14,LTC-USDT,76.67,hold,40.81,neutral,"HOLD: score=-4.9"
2026-01-14,SOL-USDT,146.69,hold,68.34,neutral,"HOLD: score=17.6"
2026-01-14,XRP-USDT,2.1394,hold,56.32,neutral,"HOLD: score=29.9"
2026-01-15,ADA-USDT,0.3936,hold,49.90,neutral,"HOLD: score=10.8"
2026-01-15,BNB-USDT,931.2,hold,61.62,neutral,"HOLD: score=24.5"
2026-01-15,BTC-USDT,95604.8,hold,64.26,neutral,"HOLD: score=20.8"
2026-01-15,DOGE-USDT,0.14004,hold,50.84,neutral,"HOLD: score=8.5"
2026-01-15,DOT-USDT,2.117,hold,52.08,neutral,"HOLD: score=16.2"
2026-01-15,ETH-USDT,3318.69,hold,63.34,neutral,"HOLD: score=22.0"
2026-01-15,LTC-USDT,72.21,hold,32.99,neutral,"HOLD: score=8.2"
2026-01-15,SOL-USDT,142.4,hold,60.46,neutral,"HOLD: score=26.6"
2026-01-15,XRP-USDT,2.0789,hold,51.69,neutral,"HOLD: Already in position"
2026-01-16,ADA-USDT,0.3955,hold,50.48,neutral,"HOLD: score=9.4"
2026-01-16,BNB-USDT,938.16,hold,63.31,neutral,"HOLD: score=22.9"
2026-01-16,BTC-USDT,95550.94,hold,64.02,neutral,"HOLD: score=22.3"
2026-01-16,DOGE-USDT,0.13813,hold,49.03,neutral,"HOLD: score=10.8"
2026-01-16,DOT-USDT,2.119,hold,52.19,neutral,"HOLD: score=16.5"
2026-01-16,ETH-USDT,3296.28,hold,61.43,neutral,"HOLD: score=25.2"
2026-01-16,LTC-USDT,75.22,sell,41.18,neutral,"SELL: score=-25.0"
2026-01-16,SOL-USDT,144.89,hold,63.12,neutral,"HOLD: score=23.7"
2026-01-16,XRP-USDT,2.0678,hold,50.86,neutral,"HOLD: score=27.1"
2026-01-17,ADA-USDT,0.3973,hold,51.05,neutral,"HOLD: score=8.4"
2026-01-17,BNB-USDT,947.12,hold,65.43,neutral,"HOLD: score=20.8"
2026-01-17,BTC-USDT,95147.77,hold,62.20,neutral,"HOLD: score=25.2"
2026-01-17,DOGE-USDT,0.13788,hold,48.78,neutral,"HOLD: score=11.3"
2026-01-17,DOT-USDT,2.179,hold,55.44,neutral,"HOLD: score=12.1"
2026-01-17,ETH-USDT,3310.56,hold,62.21,neutral,"HOLD: score=24.8"
2026-01-17,LTC-USDT,74.92,sell,40.65,neutral,"SELL: score=-25.1"
2026-01-17,SOL-USDT,143.72,hold,61.04,neutral,"HOLD: score=26.7"
2026-01-17,XRP-USDT,2.0631,hold,50.50,neutral,"HOLD: score=24.7"
2026-01-18,ADA-USDT,0.3758,hold,44.46,neutral,"HOLD: score=17.2"
2026-01-18,BNB-USDT,932.51,hold,59.42,neutral,"HOLD: score=28.2"
2026-01-18,BTC-USDT,93673.14,buy,55.92,neutral,"BUY: score=32.8"
2026-01-18,DOGE-USDT,0.13164,hold,42.99,neutral,"HOLD: score=19.2"
2026-01-18,DOT-USDT,2.065,hold,48.66,neutral,"HOLD: score=13.9"
2026-01-18,ETH-USDT,3284.03,hold,59.78,neutral,"HOLD: score=8.2"
2026-01-18,LTC-USDT,72.29,sell,36.22,neutral,"SELL: score=-19.0"
2026-01-18,SOL-USDT,137.87,buy,51.85,neutral,"BUY: score=38.2"
2026-01-18,XRP-USDT,1.9914,sell,45.14,stop_loss,"STOP LOSS: -3.0%"
2026-01-19,ADA-USDT,0.3703,hold,42.93,neutral,"HOLD: score=19.1"
2026-01-19,BNB-USDT,923.6,hold,56.04,neutral,"HOLD: Already in position"
2026-01-19,BTC-USDT,92631,hold,51.93,neutral,"HOLD: Already in position"
2026-01-19,DOGE-USDT,0.12916,sell,40.92,neutral,"SELL: score=-17.5"
2026-01-19,DOT-USDT,2.028,hold,46.67,neutral,"HOLD: score=10.6"
2026-01-19,ETH-USDT,3189.55,hold,52.00,neutral,"HOLD: score=18.5"
2026-01-19,LTC-USDT,70.8,sell,33.96,neutral,"SELL: score=-17.4"
2026-01-19,SOL-USDT,133.44,sell,46.18,stop_loss,"STOP LOSS: -3.2%"
2026-01-19,XRP-USDT,1.986,sell,44.75,neutral,"SELL: score=-11.5"
2026-01-20,ADA-USDT,0.3507,hold,37.93,neutral,"HOLD: score=8.4"
2026-01-20,BNB-USDT,884.2,hold,44.10,neutral,"HOLD: Already in position"
2026-01-20,BTC-USDT,88427.66,sell,39.64,stop_loss,"STOP LOSS: -5.6%"
2026-01-20,DOGE-USDT,0.12336,hold,36.48,neutral,"HOLD: score=10.8"
2026-01-20,DOT-USDT,1.897,sell,40.37,neutral,"SELL: score=-16.6"
2026-01-20,ETH-USDT,2939.88,sell,37.94,stop_loss,"STOP LOSS: -5.4%"
2026-01-20,LTC-USDT,67.12,sell,29.13,neutral,"SELL: score=-12.2"
2026-01-20,SOL-USDT,125.8,buy,38.38,neutral,"BUY: score=41.3"
2026-01-20,XRP-USDT,1.89,hold,38.46,neutral,"HOLD: score=-1.6"
2026-01-21,ADA-USDT,0.3659,sell,43.43,neutral,"SELL: score=-19.8"
2026-01-21,BNB-USDT,883.36,hold,43.89,neutral,"HOLD: Already in position"
2026-01-21,BTC-USDT,89454.73,buy,43.18,neutral,"BUY: score=32.7"
2026-01-21,DOGE-USDT,0.12654,hold,40.30,neutral,"HOLD: score=5.7"
2026-01-21,DOT-USDT,1.955,sell,43.97,neutral,"SELL: score=-24.0"
2026-01-21,ETH-USDT,2982.27,hold,40.86,neutral,"HOLD: score=17.1"
2026-01-21,LTC-USDT,68.48,sell,32.93,neutral,"SELL: score=-18.4"
2026-01-21,SOL-USDT,129.54,sell,43.42,neutral,"SELL: score=-25.5"
2026-01-21,XRP-USDT,1.9476,hold,43.58,neutral,"HOLD: score=-7.3"
2026-01-22,ADA-USDT,0.3594,sell,41.73,neutral,"SELL: score=-18.3"
2026-01-22,BNB-USDT,888.06,hold,45.49,neutral,"HOLD: Already in position"
2026-01-22,BTC-USDT,89559.67,hold,43.54,neutral,"HOLD: score=-8.0"
2026-01-22,DOGE-USDT,0.12437,hold,38.59,neutral,"HOLD: score=6.5"
2026-01-22,DOT-USDT,1.927,sell,42.63,neutral,"SELL: score=-23.2"
2026-01-22,ETH-USDT,2952.69,sell,39.46,neutral,"SELL: score=-22.0"
2026-01-22,LTC-USDT,68.19,sell,32.53,neutral,"SELL: score=-19.4"
2026-01-22,SOL-USDT,128.47,sell,42.35,neutral,"SELL: score=-24.3"
2026-01-22,XRP-USDT,1.9236,hold,42.02,neutral,"HOLD: score=-5.6"
2026-01-23,ADA-USDT,0.3602,sell,42.03,neutral,"SELL: score=-19.8"
2026-01-23,BNB-USDT,891.63,sell,46.73,neutral,"SELL: score=-11.3"
2026-01-23,BTC-USDT,89600.26,hold,43.69,neutral,"HOLD: score=-8.5"
2026-01-23,DOGE-USDT,0.12477,hold,39.11,neutral,"HOLD: score=4.5"
2026-01-23,DOT-USDT,1.926,sell,42.58,neutral,"SELL: score=-24.7"
2026-01-23,ETH-USDT,2956.41,sell,39.74,neutral,"SELL: score=-23.6"
2026-01-23,LTC-USDT,68.07,hold,32.35,neutral,"HOLD: score=-0.5"
2026-01-23,SOL-USDT,127.43,hold,41.29,neutral,"HOLD: score=-3.6"
2026-01-23,XRP-USDT,1.9196,hold,41.75,neutral,"HOLD: score=-5.9"
2026-01-24,ADA-USDT,0.3583,sell,41.48,neutral,"SELL: score=-19.8"
2026-01-24,BNB-USDT,887.17,hold,45.34,neutral,"HOLD: score=-9.3"
2026-01-24,BTC-USDT,89225.34,hold,42.57,neutral,"HOLD: score=-7.5"
2026-01-24,DOGE-USDT,0.12423,hold,38.64,neutral,"HOLD: score=4.1"
2026-01-24,DOT-USDT,1.93,sell,42.87,neutral,"SELL: score=-26.3"
2026-01-24,ETH-USDT,2953.22,sell,39.57,neutral,"SELL: score=-24.4"
2026-01-24,LTC-USDT,68.19,hold,32.74,neutral,"HOLD: score=-1.9"
2026-01-24,SOL-USDT,127.21,hold,41.05,neutral,"HOLD: score=-4.3"
2026-01-24,XRP-USDT,1.9143,hold,41.37,neutral,"HOLD: score=-6.4"
2026-01-25,ADA-USDT,0.3391,sell,36.32,neutral,"SELL: score=-13.7"
2026-01-25,BNB-USDT,866.02,hold,39.36,neutral,"HOLD: score=-1.3"
2026-01-25,BTC-USDT,86670.36,sell,35.79,stop_loss,"STOP LOSS: -3.1%"
2026-01-25,DOGE-USDT,0.11945,hold,34.68,neutral,"HOLD: score=8.4"
2026-01-25,DOT-USDT,1.823,sell,37.45,neutral,"SELL: score=-19.1"
2026-01-25,ETH-USDT,2816.89,sell,33.11,neutral,"SELL: score=-16.9"
2026-01-25,LTC-USDT,67.3,hold,31.30,neutral,"HOLD: score=-1.0"
2026-01-25,SOL-USDT,118.85,sell,33.31,neutral,"SELL: score=-14.8"
2026-01-25,XRP-USDT,1.8356,hold,36.12,neutral,"HOLD: score=0.4"
2026-01-26,ADA-USDT,0.3521,sell,41.62,neutral,"SELL: score=-20.8"
2026-01-26,BNB-USDT,879.41,hold,44.36,neutral,"HOLD: score=-8.8"
2026-01-26,BTC-USDT,88347.08,hold,42.28,neutral,"HOLD: score=-7.7"
2026-01-26,DOGE-USDT,0.12236,hold,38.79,neutral,"HOLD: score=3.4"
2026-01-26,DOT-USDT,1.875,sell,41.33,neutral,"SELL: score=-25.3"
2026-01-26,ETH-USDT,2930.35,sell,41.65,neutral,"SELL: score=-27.4"
2026-01-26,LTC-USDT,69.72,hold,39.15,neutral,"HOLD: score=-8.7"
2026-01-26,SOL-USDT,124.24,sell,41.03,neutral,"SELL: score=-25.3"
2026-01-26,XRP-USDT,1.9041,sell,42.91,neutral,"SELL: score=-27.7"
2026-01-27,ADA-USDT,0.3608,sell,44.92,neutral,"SELL: score=-24.8"
2026-01-27,BNB-USDT,898.36,sell,50.58,neutral,"SELL: score=-17.6"
2026-01-27,BTC-USDT,89250,sell,45.48,neutral,"SELL: score=-12.0"
2026-01-27,DOGE-USDT,0.12619,hold,43.81,neutral,"HOLD: score=-2.4"
2026-01-27,DOT-USDT,1.876,hold,41.41,neutral,"HOLD: score=-6.4"
2026-01-27,ETH-USDT,3026.77,sell,47.75,neutral,"SELL: score=-15.2"
2026-01-27,LTC-USDT,70.03,sell,40.09,neutral,"SELL: score=-10.2"
2026-01-27,SOL-USDT,127.19,sell,44.80,neutral,"SELL: score=-30.5"
2026-01-27,XRP-USDT,1.9158,hold,44.00,neutral,"HOLD: score=-9.8"
2026-01-28,ADA-USDT,0.3583,hold,44.15,neutral,"HOLD: score=-3.3"
2026-01-28,BNB-USDT,902.91,sell,51.96,neutral,"SELL: score=-19.4"
2026-01-28,BTC-USDT,89299.99,sell,45.66,neutral,"SELL: score=-12.5"
2026-01-28,DOGE-USDT,0.125,hold,42.64,neutral,"HOLD: score=-1.1"
2026-01-28,DOT-USDT,1.87,hold,41.07,neutral,"HOLD: score=-6.9"
2026-01-28,ETH-USDT,3010.78,sell,46.88,neutral,"SELL: score=-14.3"
2026-01-28,LTC-USDT,69.42,hold,38.82,neutral,"HOLD: score=-9.2"
2026-01-28,SOL-USDT,125.35,sell,42.96,neutral,"SELL: score=-28.7"
2026-01-28,XRP-USDT,1.9111,hold,43.64,neutral,"HOLD: score=-10.0"
2026-01-29,ADA-USDT,0.3347,sell,37.58,neutral,"SELL: score=-14.7"
2026-01-29,BNB-USDT,868.69,hold,42.34,neutral,"HOLD: score=-5.4"
2026-01-29,BTC-USDT,84650.16,hold,34.34,neutral,"HOLD: score=2.3"
2026-01-29,DOGE-USDT,0.11728,sell,35.94,neutral,"SELL: score=-12.8"
2026-01-29,DOT-USDT,1.736,sell,34.29,neutral,"SELL: score=-18.2"
2026-01-29,ETH-USDT,2822.59,sell,38.04,neutral,"SELL: score=-22.7"
2026-01-29,LTC-USDT,66.24,hold,32.93,neutral,"HOLD: score=-1.9"
2026-01-29,SOL-USDT,117.82,sell,36.36,neutral,"SELL: score=-20.5"
2026-01-29,XRP-USDT,1.8076,sell,36.52,neutral,"SELL: score=-20.2"
2026-01-30,ADA-USDT,0.3208,sell,34.34,neutral,"SELL: score=-12.4"
2026-01-30,BNB-USDT,858.81,hold,40.03,neutral,"HOLD: score=-3.1"
2026-01-30,BTC-USDT,84260.49,hold,33.58,neutral,"HOLD: score=1.6"
2026-01-30,DOGE-USDT,0.11581,sell,34.82,neutral,"SELL: score=-12.6"
2026-01-30,DOT-USDT,1.69,sell,32.31,neutral,"SELL: score=-17.2"
2026-01-30,ETH-USDT,2707.38,sell,33.83,neutral,"SELL: score=-18.0"
2026-01-30,LTC-USDT,65.47,hold,31.68,neutral,"HOLD: score=-0.5"
2026-01-30,SOL-USDT,117.59,sell,36.18,neutral,"SELL: score=-21.8"
2026-01-30,XRP-USDT,1.7352,sell,32.52,neutral,"SELL: score=-15.9"
2026-01-31,ADA-USDT,0.2936,hold,29.05,neutral,"HOLD: score=-8.6"
2026-01-31,BNB-USDT,781.38,hold,27.43,neutral,"HOLD: score=-6.6"
2026-01-31,BTC-USDT,78741.09,hold,25.18,neutral,"HOLD: score=-8.8"
2026-01-31,DOGE-USDT,0.10426,hold,27.54,neutral,"HOLD: score=-4.2"
2026-01-31,DOT-USDT,1.547,sell,27.09,neutral,"SELL: score=-11.8"
2026-01-31,ETH-USDT,2451.95,sell,26.76,neutral,"SELL: score=-10.0"
2026-01-31,LTC-USDT,59.53,buy,24.07,neutral,"RSI OVERSOLD: 24.1"
2026-01-31,SOL-USDT,105.58,sell,28.21,neutral,"SELL: score=-12.4"
2026-01-31,XRP-USDT,1.6472,sell,28.45,neutral,"SELL: score=-12.1"
2026-02-01,ADA-USDT,0.2858,sell,27.74,neutral,"SELL: score=-10.9"
2026-02-01,BNB-USDT,758.54,buy,24.94,neutral,"RSI OVERSOLD: 24.9"
2026-02-01,BTC-USDT,76968.21,buy,23.17,neutral,"RSI OVERSOLD: 23.2"
2026-02-01,DOGE-USDT,0.10426,hold,27.54,neutral,"HOLD: score=-7.0"
2026-02-01,DOT-USDT,1.495,sell,25.48,neutral,"SELL: score=-12.2"
2026-02-01,ETH-USDT,2270.15,buy,23.07,neutral,"RSI OVERSOLD: 23.1"
2026-02-01,LTC-USDT,58.49,hold,23.03,neutral,"HOLD: Already in position"
2026-02-01,SOL-USDT,100.79,sell,25.77,neutral,"SELL: score=-11.6"
2026-02-01,XRP-USDT,1.5908,sell,26.18,neutral,"SELL: score=-11.5"
2026-02-02,ADA-USDT,0.2991,sell,33.29,neutral,"SELL: score=-17.1"
2026-02-02,BNB-USDT,773.94,sell,29.58,neutral,"SELL: score=-15.0"
2026-02-02,BTC-USDT,78738.61,sell,29.24,neutral,"SELL: score=-16.7"
2026-02-02,DOGE-USDT,0.10792,sell,32.71,neutral,"SELL: score=-12.5"
2026-02-02,DOT-USDT,1.543,sell,29.64,neutral,"SELL: score=-17.3"
2026-02-02,ETH-USDT,2347.02,sell,27.62,neutral,"SELL: score=-14.6"
2026-02-02,LTC-USDT,60.02,sell,27.97,neutral,"SELL: score=-16.2"
2026-02-02,SOL-USDT,104.55,sell,30.83,neutral,"SELL: score=-17.9"
2026-02-02,XRP-USDT,1.6198,hold,29.30,neutral,"HOLD: score=3.9"
2026-02-03,ADA-USDT,0.2917,sell,31.83,neutral,"SELL: score=-15.6"
2026-02-03,BNB-USDT,754.78,sell,27.32,neutral,"SELL: score=-13.8"
2026-02-03,BTC-USDT,75770.21,sell,25.59,neutral,"SELL: score=-13.2"
2026-02-03,DOGE-USDT,0.10602,sell,31.45,neutral,"SELL: score=-11.2"
2026-02-03,DOT-USDT,1.5,sell,28.13,neutral,"SELL: score=-16.4"
2026-02-03,ETH-USDT,2233.72,sell,25.25,neutral,"SELL: score=-13.1"
2026-02-03,LTC-USDT,59.48,sell,27.30,neutral,"SELL: score=-16.3"
2026-02-03,SOL-USDT,97.89,sell,27.28,neutral,"SELL: score=-14.4"
2026-02-03,XRP-USDT,1.5791,hold,27.54,neutral,"HOLD: score=5.0"
2026-02-04,ADA-USDT,0.2864,sell,30.78,neutral,"SELL: score=-15.0"
2026-02-04,BNB-USDT,697.27,buy,21.89,neutral,"RSI OVERSOLD: 21.9"
2026-02-04,BTC-USDT,73165.83,buy,22.89,neutral,"RSI OVERSOLD: 22.9"
2026-02-04,DOGE-USDT,0.10383,sell,30.02,neutral,"SELL: score=-10.1"
2026-02-04,DOT-USDT,1.461,sell,26.79,neutral,"SELL: score=-16.0"
2026-02-04,ETH-USDT,2148.26,buy,23.60,neutral,"RSI OVERSOLD: 23.6"
2026-02-04,LTC-USDT,58.89,sell,26.56,neutral,"SELL: score=-16.6"
2026-02-04,SOL-USDT,92.12,buy,24.64,neutral,"RSI OVERSOLD: 24.6"
2026-02-04,XRP-USDT,1.512,buy,24.89,neutral,"RSI OVERSOLD: 24.9"
2026-02-05,ADA-USDT,0.2455,buy,24.18,neutral,"RSI OVERSOLD: 24.2"
2026-02-05,BNB-USDT,608.3,sell,16.45,stop_loss,"STOP LOSS: -12.8%"
2026-02-05,BTC-USDT,62909.86,sell,15.82,stop_loss,"STOP LOSS: -14.0%"
2026-02-05,DOGE-USDT,0.08849,buy,22.36,neutral,"RSI OVERSOLD: 22.4"
2026-02-05,DOT-USDT,1.248,buy,20.94,neutral,"RSI OVERSOLD: 20.9"
2026-02-05,ETH-USDT,1826.83,sell,18.68,stop_loss,"STOP LOSS: -15.0%"
2026-02-05,LTC-USDT,50.79,buy,18.93,neutral,"RSI OVERSOLD: 18.9"
2026-02-05,SOL-USDT,78.35,sell,19.73,stop_loss,"STOP LOSS: -14.9%"
2026-02-05,XRP-USDT,1.2146,sell,17.05,stop_loss,"STOP LOSS: -19.7%"
2026-02-06,ADA-USDT,0.2762,sell,35.38,take_profit,"TAKE PROFIT: +12.5%"
2026-02-06,BNB-USDT,657.21,hold,27.17,neutral,"HIGH VOLATILITY: 7.1%"
2026-02-06,BTC-USDT,70580.26,hold,32.59,neutral,"HIGH VOLATILITY: 8.1%"
2026-02-06,DOGE-USDT,0.09848,sell,34.15,take_profit,"TAKE PROFIT: +11.3%"
2026-02-06,DOT-USDT,1.368,sell,30.19,take_profit,"TAKE PROFIT: +9.6%"
2026-02-06,ETH-USDT,2063.38,hold,30.22,neutral,"HIGH VOLATILITY: 9.1%"
2026-02-06,LTC-USDT,55.02,sell,30.21,take_profit,"TAKE PROFIT: +8.3%"
2026-02-06,SOL-USDT,87.46,hold,29.71,neutral,"HIGH VOLATILITY: 8.9%"
2026-02-06,XRP-USDT,1.4698,hold,35.75,neutral,"HIGH VOLATILITY: 12.1%"
2026-02-07,ADA-USDT,0.2721,hold,34.65,neutral,"HIGH VOLATILITY: 8.1%"
2026-02-07,BNB-USDT,647,hold,26.41,neutral,"HIGH VOLATILITY: 6.6%"
2026-02-07,BTC-USDT,69289.38,hold,31.46,neutral,"HIGH VOLATILITY: 7.8%"
2026-02-07,DOGE-USDT,0.09823,hold,34.01,neutral,"HIGH VOLATILITY: 7.8%"
2026-02-07,DOT-USDT,1.372,hold,30.48,neutral,"HIGH VOLATILITY: 7.4%"
2026-02-07,ETH-USDT,2087.08,hold,31.28,neutral,"HIGH VOLATILITY: 8.9%"
2026-02-07,LTC-USDT,55.19,hold,30.62,neutral,"HIGH VOLATILITY: 6.6%"
2026-02-07,SOL-USDT,87.59,hold,29.85,neutral,"HIGH VOLATILITY: 8.5%"
2026-02-07,XRP-USDT,1.4231,hold,34.23,neutral,"HIGH VOLATILITY: 12.0%"
2026-02-08,ADA-USDT,0.2701,hold,34.27,neutral,"HIGH VOLATILITY: 8.1%"
2026-02-08,BNB-USDT,639.93,hold,25.87,neutral,"HIGH VOLATILITY: 6.7%"
2026-02-08,BTC-USDT,70330.38,hold,33.47,neutral,"HIGH VOLATILITY: 7.9%"
2026-02-08,DOGE-USDT,0.09663,hold,33.08,neutral,"HIGH VOLATILITY: 7.8%"
2026-02-08,DOT-USDT,1.337,hold,29.33,neutral,"HIGH VOLATILITY: 7.3%"
2026-02-08,ETH-USDT,2089.74,hold,31.40,neutral,"HIGH VOLATILITY: 8.5%"
2026-02-08,LTC-USDT,54.53,hold,29.88,neutral,"HIGH VOLATILITY: 6.6%"
2026-02-08,SOL-USDT,86.99,hold,29.56,neutral,"HIGH VOLATILITY: 8.4%"
2026-02-08,XRP-USDT,1.4308,hold,34.72,neutral,"HIGH VOLATILITY: 12.0%"
2026-02-09,ADA-USDT,0.2699,hold,34.23,neutral,"HIGH VOLATILITY: 7.8%"
2026-02-09,BNB-USDT,636.39,hold,25.58,neutral,"HIGH VOLATILITY: 6.4%"
2026-02-09,BTC-USDT,70138,hold,33.28,neutral,"HIGH VOLATILITY: 7.8%"
2026-02-09,DOGE-USDT,0.09611,hold,32.77,neutral,"HIGH VOLATILITY: 7.6%"
2026-02-09,DOT-USDT,1.32,hold,28.76,neutral,"HIGH VOLATILITY: 7.1%"
2026-02-09,ETH-USDT,2105.02,hold,32.16,neutral,"HIGH VOLATILITY: 8.4%"
2026-02-09,LTC-USDT,54.45,hold,29.78,neutral,"HIGH VOLATILITY: 6.5%"
2026-02-09,SOL-USDT,86.77,hold,29.46,neutral,"HIGH VOLATILITY: 8.1%"
2026-02-09,XRP-USDT,1.437,hold,35.14,neutral,"HIGH VOLATILITY: 11.9%"
2026-02-10,ADA-USDT,0.262,hold,32.62,neutral,"HIGH VOLATILITY: 7.8%"
2026-02-10,BNB-USDT,619.85,buy,24.25,neutral,"RSI OVERSOLD: 24.3"
2026-02-10,BTC-USDT,68841.29,hold,31.93,neutral,"HIGH VOLATILITY: 7.7%"
2026-02-10,DOGE-USDT,0.09277,hold,30.75,neutral,"HIGH VOLATILITY: 7.6%"
2026-02-10,DOT-USDT,1.283,hold,27.50,neutral,"HIGH VOLATILITY: 7.1%"
2026-02-10,ETH-USDT,2022.67,hold,30.21,neutral,"HIGH VOLATILITY: 8.3%"
2026-02-10,LTC-USDT,53.38,hold,28.48,neutral,"HIGH VOLATILITY: 6.5%"
2026-02-10,SOL-USDT,82.99,hold,27.57,neutral,"HIGH VOLATILITY: 8.0%"
2026-02-10,XRP-USDT,1.3999,hold,33.74,neutral,"HIGH VOLATILITY: 11.9%"
2026-02-11,ADA-USDT,0.2559,hold,31.39,neutral,"HIGH VOLATILITY: 7.8%"
2026-02-11,BNB-USDT,608.11,hold,23.32,neutral,"HOLD: Already in position"
2026-02-11,BTC-USDT,67082.52,hold,30.15,neutral,"HIGH VOLATILITY: 7.7%"
2026-02-11,DOGE-USDT,0.09112,hold,29.78,neutral,"HIGH VOLATILITY: 7.6%"
2026-02-11,DOT-USDT,1.256,hold,26.59,neutral,"HIGH VOLATILITY: 7.1%"
2026-02-11,ETH-USDT,1941.18,hold,28.38,neutral,"HIGH VOLATILITY: 8.3%"
2026-02-11,LTC-USDT,52.32,hold,27.21,neutral,"HIGH VOLATILITY: 6.5%"
2026-02-11,SOL-USDT,79.3,hold,25.83,neutral,"HIGH VOLATILITY: 7.9%"
2026-02-11,XRP-USDT,1.3697,hold,32.60,neutral,"HIGH VOLATILITY: 11.9%"
2026-02-12,ADA-USDT,0.2643,sell,35.02,neutral,"SELL: score=-16.8"
2026-02-12,BNB-USDT,614.29,hold,24.95,neutral,"HOLD: Already in position"
2026-02-12,BTC-USDT,66272.17,sell,29.33,neutral,"SELL: score=-20.5"
2026-02-12,DOGE-USDT,0.093,sell,32.41,neutral,"SELL: score=-13.7"
2026-02-12,DOT-USDT,1.283,sell,29.12,neutral,"SELL: score=-21.5"
2026-02-12,ETH-USDT,1947.85,sell,28.76,neutral,"SELL: score=-21.3"
2026-02-12,LTC-USDT,53.15,sell,29.85,neutral,"SELL: score=-22.0"
2026-02-12,SOL-USDT,78.4,sell,25.41,neutral,"SELL: score=-18.1"
2026-02-12,XRP-USDT,1.3635,hold,32.35,neutral,"HIGH VOLATILITY: 8.5%"
2026-02-13,ADA-USDT,0.2632,hold,34.76,neutral,"HOLD: score=3.9"
2026-02-13,BNB-USDT,599.2,sell,23.63,stop_loss,"STOP LOSS: -3.3%"
2026-02-13,BTC-USDT,67125.72,hold,31.43,neutral,"HOLD: score=-3.0"
2026-02-13,DOGE-USDT,0.09354,hold,33.18,neutral,"HOLD: score=5.3"
2026-02-13,DOT-USDT,1.276,hold,28.84,neutral,"HOLD: score=-0.5"
2026-02-13,ETH-USDT,1962.32,hold,29.63,neutral,"HOLD: score=-2.7"
2026-02-13,LTC-USDT,53.43,hold,30.76,neutral,"HOLD: score=0.4"
2026-02-13,SOL-USDT,80.09,hold,27.79,neutral,"HOLD: score=-0.7"
2026-02-13,XRP-USDT,1.3629,hold,32.33,neutral,"HOLD: score=-1.7"